<?xml version="1.0" encoding="UTF-8"?>
<assembly>
	<id>${project.version}</id>
	<formats>
		<format>zip</format>
	</formats>
	<fileSets>
		<fileSet>
			<directory>target</directory>
			<outputDirectory>lib</outputDirectory>
			<includes>
				<include>*.jar</include>
			</includes>
		</fileSet>
		<fileSet>
			<directory>src</directory>
			<outputDirectory>src</outputDirectory>
		</fileSet>
		<fileSet>
			<directory></directory>
			<outputDirectory></outputDirectory>
			<includes>
				<include>.classpath</include>
				<include>.project</include>
				<include>pom.xml</include>
			</includes>
		</fileSet>
	</fileSets>
	<dependencySets>
		<dependencySet>
			<outputDirectory>lib</outputDirectory>
			<scope>compile</scope>
		</dependencySet>
	</dependencySets>
</assembly>